"X.","Game","Release.date","Price","Score.rank.Userscore...Metascore.","Owners","Playtime..Median.","Developer.s.","Publisher.s."
28,"Counter-Strike: Global Offensive","Aug 21, 2012","$14.99","71% (88%/83%)","20,000,000 .. 50,000,000","15:29 (06:24)","Valve","Valve"
5,"Borderlands 2","Sep 17, 2012","$19.99","95% (96%/89%)","5,000,000 .. 10,000,000","05:50 (01:57)","Gearbox Software, Aspyr (Mac), Aspyr (Linux)","2K, Aspyr (Mac), Aspyr (Linux)"
22,"PlanetSide 2","Nov 20, 2012","Free","55% (82%/84%)","5,000,000 .. 10,000,000","05:59 (01:38)","Daybreak Game Company","Daybreak Game Company"
60,"Euro Truck Simulator 2","Oct 12, 2012","$19.99","95% (96%/79%)","5,000,000 .. 10,000,000","07:11 (03:03)","SCS Software","SCS Software"
63,"Chivalry: Medieval Warfare","Oct 16, 2012","$24.99","58% (83%/79%)","5,000,000 .. 10,000,000","02:27 (01:05)","Torn Banner Studios","Torn Banner Studios"
2,"Batman: Arkham City - Game of the Year Edition","Sep 7, 2012","$19.99","90% (94%/91%)","2,000,000 .. 5,000,000","01:59 (01:45)","Rocksteady Studios, Feral Interactive (Mac)","Warner Bros. Interactive Entertainment, Feral Interactive (Mac)"
3,"Dishonored","Oct 8, 2012","$9.99","95% (96%/91%)","2,000,000 .. 5,000,000","02:26 (00:54)","Arkane Studios","Bethesda Softworks"
4,"XCOM: Enemy Unknown","Oct 8, 2012","$29.99","90% (94%/89%)","2,000,000 .. 5,000,000","10:05 (07:45)","Firaxis Games, Feral Interactive (Mac), Feral Interactive (Linux)","2K, Feral Interactive (Mac), Feral Interactive (Linux)"
6,"Far Cry 3","Dec 4, 2012","$19.99","71% (88%/88%)","2,000,000 .. 5,000,000","04:01 (01:35)","Ubisoft Montreal, Massive Entertainment, and Ubisoft Shanghai","Ubisoft"
7,"Torchlight II","Sep 20, 2012","$19.99","90% (94%/88%)","2,000,000 .. 5,000,000","04:17 (01:57)","Runic Games","Runic Games"
8,"The Witcher 2: Assassins of Kings Enhanced Edition","Apr 16, 2012","$19.99","71% (88%/88%)","2,000,000 .. 5,000,000","04:46 (01:59)","CD PROJEKT RED","CD PROJEKT RED, 1C-SoftClub"
13,"The Lord of the Rings Online","Jun 6, 2012","Free","53% (81%/86%)","2,000,000 .. 5,000,000","08:07 (15:13)","Standing Stone Games, LLC","Standing Stone Games, LLC"
15,"Tribes: Ascend","Jun 27, 2012","Free","47% (78%/86%)","2,000,000 .. 5,000,000","00:00 (00:00)","Hi-Rez Studios","Hi-Rez Studios"
17,"Hotline Miami","Oct 23, 2012","$9.99","97% (97%/85%)","2,000,000 .. 5,000,000","01:48 (00:21)","Dennaton Games","Devolver Digital"
18,"STAR WARS Knights of the Old Republic II - The Sith Lords","Aug 23, 2012","$9.99","74% (89%/85%)","2,000,000 .. 5,000,000","04:11 (04:20)","Obsidian Entertainment, Aspyr (Mac, Linux, & Windows Update)","LucasArts, Disney Interactive, Lucasfilm, Aspyr (Mac, Linux)"
19,"DARK SOULS: Prepare To Die Edition","Aug 24, 2012","N/A","74% (89%/85%)","2,000,000 .. 5,000,000","08:17 (01:01)","FromSoftware","BANDAI NAMCO Entertainment"
23,"FTL: Faster Than Light","Sep 14, 2012","$9.99","95% (96%/84%)","2,000,000 .. 5,000,000","03:43 (01:12)","Subset Games","Subset Games"
24,"Alan Wake","Feb 16, 2012","$14.99","80% (91%/83%)","2,000,000 .. 5,000,000","02:31 (01:54)","Remedy Entertainment","Remedy Entertainment"
25,"Orcs Must Die! 2","Jul 30, 2012","$14.99","90% (94%/83%)","2,000,000 .. 5,000,000","01:56 (02:28)","Robot Entertainment","Robot Entertainment"
29,"The Walking Dead","Apr 24, 2012","N/A","95% (96%/82%)","2,000,000 .. 5,000,000","16:29 (01:09)","Telltale Games","Telltale Games"
30,"Crusader Kings II","Feb 14, 2012","$39.99","77% (90%/82%)","2,000,000 .. 5,000,000","10:16 (03:56)","Paradox Development Studio","Paradox Interactive"
35,"Realm of the Mad God","Feb 20, 2012","Free","58% (83%/82%)","2,000,000 .. 5,000,000","03:32 (00:53)","Wild Shadow Studios, Deca Games","Deca Games"
38,"Age of Empires III: Complete Collection","Jan 5, 2012","$39.99","71% (88%/81%)","2,000,000 .. 5,000,000","04:36 (01:41)","Ensemble Studios","Microsoft Studios"
58,"Hitman: Absolution","Nov 19, 2012","$19.99","77% (90%/79%)","2,000,000 .. 5,000,000","01:56 (01:14)","Io-Interactive A/S, Feral Interactive (Mac)","Io-Interactive A/S, Feral Interactive (Mac)"
67,"Awesomenauts - the 2D moba","Aug 1, 2012","Free","63% (85%/78%)","2,000,000 .. 5,000,000","01:32 (00:49)","Ronimo Games","Ronimo Games"
99,"Blacklight: Retribution","Jul 2, 2012","Free","39% (74%/75%)","2,000,000 .. 5,000,000","01:23 (00:35)","Hardsuit Labs, Inc.","Hardsuit Labs, Inc."
104,"Call of Duty: Black Ops II","Nov 12, 2012","$59.99","55% (82%/74%)","2,000,000 .. 5,000,000","02:14 (00:10)","Treyarch","Activision"
130,"Fallen Earth Free2Play","Feb 22, 2012","Free","15% (55%/71%)","2,000,000 .. 5,000,000","01:20 (00:53)","Little Orbit","Little Orbit"
149,"Sniper Elite V2","Apr 30, 2012","$19.99","68% (87%/66%)","2,000,000 .. 5,000,000","02:18 (01:07)","Rebellion","Rebellion"
154,"Guns of Icarus Online","Oct 29, 2012","$4.99","83% (92%/64%)","2,000,000 .. 5,000,000","10:00 (01:52)","Muse Games","Muse Games"
246,"Gotham City Impostors Free to Play","Aug 30, 2012","Free","60% (84%)","2,000,000 .. 5,000,000","00:37 (00:39)","Monolith Productions, Inc.","Warner Bros. Interactive Entertainment"
355,"Castle Crashers","Sep 26, 2012","$14.99","95% (96%)","2,000,000 .. 5,000,000","03:31 (01:24)","The Behemoth","The Behemoth"
10,"Super Hexagon","Nov 27, 2012","$2.99","97% (97%/88%)","1,000,000 .. 2,000,000","00:11 (00:09)","Terry Cavanagh","Terry Cavanagh"
11,"Max Payne 3","May 31, 2012","$19.99","55% (82%/87%)","1,000,000 .. 2,000,000","01:29 (01:48)","Rockstar Studios","Rockstar Games"
33,"Sins of a Solar Empire: Rebellion","Jun 12, 2012","$39.99","83% (92%/82%)","1,000,000 .. 2,000,000","05:56 (06:34)","Ironclad Games, Stardock Entertainment","Stardock Entertainment"
41,"To the Moon","Sep 7, 2012","$9.99","95% (96%/81%)","1,000,000 .. 2,000,000","01:40 (02:26)","Freebird Games","Freebird Games"
46,"Natural Selection 2","Oct 30, 2012","$9.99","63% (85%/80%)","1,000,000 .. 2,000,000","02:19 (00:35)","Unknown Worlds Entertainment","Unknown Worlds Entertainment"
54,"Assassin’s Creed III","Nov 20, 2012","$19.99","39% (74%/80%)","1,000,000 .. 2,000,000","03:07 (00:39)","Ubisoft Montreal","Ubisoft"
72,"The Darkness II","Feb 6, 2012","$29.99","74% (89%/77%)","1,000,000 .. 2,000,000","01:13 (01:18)","Digital Extremes","2K"
74,"Endless Space - Collection","Jul 4, 2012","$19.99","51% (80%/77%)","1,000,000 .. 2,000,000","02:28 (02:38)","AMPLITUDE Studios","SEGA"
83,"Vindictus","Jun 22, 2012","Free","36% (72%/76%)","1,000,000 .. 2,000,000","11:49 (30:06)","Nexon","Nexon America Inc."
85,"Spec Ops: The Line","Jun 25, 2012","$29.99","87% (93%/76%)","1,000,000 .. 2,000,000","13:56 (01:29)","YAGER","2K, Missing Link Games"
92,"Scribblenauts Unlimited","Nov 19, 2012","$19.99","80% (91%/75%)","1,000,000 .. 2,000,000","01:48 (02:20)","5th Cell Media","Warner Bros. Interactive Entertainment"
98,"Stronghold Kingdoms","Feb 27, 2012","Free","25% (65%/75%)","1,000,000 .. 2,000,000","49:04 (49:03)","FireFly Studios","FireFly Studios"
120,"Alan Wake's American Nightmare","May 22, 2012","$8.99","33% (70%/73%)","1,000,000 .. 2,000,000","03:55 (02:36)","Remedy Entertainment","Remedy Entertainment"
121,"Worms Revolution","Oct 10, 2012","$2.99","60% (84%/73%)","1,000,000 .. 2,000,000","03:58 (01:16)","Team17 Digital Ltd","Team17 Digital Ltd"
136,"Risen 2: Dark Waters","Apr 26, 2012","$9.99","43% (76%/69%)","1,000,000 .. 2,000,000","11:15 (10:05)","Piranha Bytes","Deep Silver"
147,"Star Trek Online","Jan 31, 2012","Free","43% (76%/66%)","1,000,000 .. 2,000,000","07:35 (08:53)","Cryptic Studios","Perfect World Entertainment"
155,"Hell Yeah! Wrath of the Dead Rabbit","Oct 3, 2012","$14.99","66% (86%/64%)","1,000,000 .. 2,000,000","00:27 (00:23)","Arkedo","SEGA"
168,"POSTAL 2","Nov 2, 2012","$9.99","93% (95%/59%)","1,000,000 .. 2,000,000","02:56 (01:40)","Running With Scissors","Running With Scissors"
191,"Cortex Command","Sep 28, 2012","$19.99","53% (81%/44%)","1,000,000 .. 2,000,000","03:18 (03:51)","Data Realms","Data Realms, LLC"
266,"MapleStory","Aug 9, 2012","Free","30% (68%)","1,000,000 .. 2,000,000","12:43 (13:30)","Nexon","Nexon America Inc."
319,"Jet Set Radio","Sep 19, 2012","$7.99","71% (88%)","1,000,000 .. 2,000,000","01:19 (01:35)","Blit Software","SEGA"
366,"Viking: Battle for Asgard","Oct 17, 2012","$14.99","13% (52%)","1,000,000 .. 2,000,000","12:56 (04:18)","Creative Assembly, PC Port - Hardlight","SEGA"
368,"Super Crate Box","Aug 29, 2012","Free","74% (89%)","1,000,000 .. 2,000,000","00:04 (00:01)","Vlambeer","Vlambeer"
1,"Thief Gold","May 22, 2012","$6.99","83% (92%/92%)","500,000 .. 1,000,000","00:17 (00:11)","Looking Glass Studios","Square Enix"
34,"Legend of Grimrock","Apr 11, 2012","$14.99","90% (94%/82%)","500,000 .. 1,000,000","02:44 (02:02)","Almost Human Games","Almost Human Games"
37,"Divine Divinity","Jul 5, 2012","$5.99","68% (87%/81%)","500,000 .. 1,000,000","02:18 (03:03)","Larian Studios","Larian Studios"
39,"Waveform","Mar 20, 2012","$1.99","60% (84%/81%)","500,000 .. 1,000,000","00:28 (00:09)","Eden Industries","Eden Industries"
40,"Lone Survivor: The Director's Cut","Apr 23, 2012","$14.99","71% (88%/81%)","500,000 .. 1,000,000","00:00 (00:00)","Jasper Byrne","Superflat Games"
42,"Wargame: European Escalation","Feb 22, 2012","$9.99","41% (75%/81%)","500,000 .. 1,000,000","03:10 (02:38)","Eugen Systems","Focus Home Interactive"
43,"Kingdoms of Amalur: Reckoning","Feb 7, 2012","$19.99","68% (87%/81%)","500,000 .. 1,000,000","02:46 (03:13)","Big Huge Games, 38 Studios","38 Studios, Electronic Arts"
51,"LEGO The Lord of the Rings","Nov 27, 2012","$19.99","74% (89%/80%)","500,000 .. 1,000,000","02:52 (01:25)","Traveller's Tales","Warner Bros. Interactive Entertainment"
66,"Deadlight","Oct 25, 2012","$14.99","51% (80%/78%)","500,000 .. 1,000,000","03:58 (01:19)","Tequila Works, S.L.","Microsoft Studios"
75,"Giana Sisters: Twisted Dreams","Oct 22, 2012","$14.99","60% (84%/77%)","500,000 .. 1,000,000","00:00 (00:00)","Black Forest Games","HandyGames, Black Forest Games"
78,"Thomas Was Alone","Nov 12, 2012","$9.99","90% (94%/77%)","500,000 .. 1,000,000","00:00 (00:00)","Bithell Games","Bithell Games"
82,"Prototype 2","Jul 24, 2012","$39.99","24% (64%/76%)","500,000 .. 1,000,000","01:50 (01:07)","Radical Entertainment","Activision"
95,"Tiny and Big: Grandpa's Leftovers","Jun 19, 2012","$9.99","83% (92%/75%)","500,000 .. 1,000,000","00:00 (00:00)","Black Pants Studio","Black Pants Studio"
107,"Serious Sam 2","Jan 31, 2012","$9.99","71% (88%/74%)","500,000 .. 1,000,000","02:16 (01:29)","Croteam","Devolver Digital"
108,"Deponia","Aug 6, 2012","$9.99","74% (89%/74%)","500,000 .. 1,000,000","01:43 (02:16)","Daedalic Entertainment","Daedalic Entertainment"
125,"Shank 2","Feb 7, 2012","$9.99","55% (82%/72%)","500,000 .. 1,000,000","01:01 (01:01)","Klei Entertainment","Klei Entertainment"
127,"Warlock - Master of the Arcane","May 8, 2012","$24.99","66% (86%/71%)","500,000 .. 1,000,000","02:40 (00:53)","Ino-Co Plus","Paradox Interactive"
139,"Binary Domain","Apr 27, 2012","$14.99","63% (85%/68%)","500,000 .. 1,000,000","00:46 (01:00)","Devil's Details","SEGA"
141,"Little Inferno","Nov 19, 2012","$9.99","90% (94%/68%)","500,000 .. 1,000,000","00:00 (00:00)","Tomorrow Corporation","Tomorrow Corporation"
153,"Painkiller Hell & Damnation","Oct 31, 2012","$19.99","43% (76%/64%)","500,000 .. 1,000,000","00:08 (00:02)","The Farm 51","THQ Nordic"
156,"Pid","Oct 31, 2012","$9.99","34% (71%/63%)","500,000 .. 1,000,000","00:00 (00:00)","Might and Delight","Might and Delight"
167,"Lucius","Oct 26, 2012","$1.99","49% (79%/59%)","500,000 .. 1,000,000","03:02 (04:02)","Shiver Games","Shiver Games"
209,"Tomb Raider III","Nov 28, 2012","$6.99","58% (83%)","500,000 .. 1,000,000","00:00 (00:00)","Core Design","Square Enix"
215,"Doom 3: BFG Edition","Oct 15, 2012","$19.99","55% (82%)","500,000 .. 1,000,000","00:19 (00:12)","id Software","Bethesda Softworks"
220,"Superbrothers: Sword & Sworcery EP","Apr 16, 2012","$7.99","49% (79%)","500,000 .. 1,000,000","00:00 (00:00)","Capybara, Superbrothers, Jim Guthrie","Capybara Games"
227,"Continent of the Ninth Seal","Sep 13, 2012","Free","36% (72%)","500,000 .. 1,000,000","00:00 (00:00)","Cloud 9 Studio","Webzen"
239,"Sonic Adventure 2","Nov 19, 2012","$9.99","60% (84%)","500,000 .. 1,000,000","01:53 (02:32)","SEGA","SEGA"
241,"Tomb Raider IV: The Last Revelation","Nov 28, 2012","$6.99","63% (85%)","500,000 .. 1,000,000","00:00 (00:00)","Core Design","Square Enix"
242,"Mabinogi","Dec 6, 2012","Free","38% (73%)","500,000 .. 1,000,000","43:09 (14:23)","NEXON Korea Corp.","Nexon America Inc."
275,"Everquest","Dec 13, 2012","Free","38% (73%)","500,000 .. 1,000,000","00:00 (00:00)","Daybreak Game Company","Daybreak Game Company"
280,"Really Big Sky","Feb 24, 2012","$4.99","41% (75%)","500,000 .. 1,000,000","02:40 (00:53)","Boss Baddie","Ripstone"
293,"Dungeons & Dragons Online","Jun 25, 2012","Free","36% (72%)","500,000 .. 1,000,000","02:15 (02:46)","Standing Stone Games, LLC","Standing Stone Games, LLC"
296,"Dwarfs - F2P","Oct 18, 2012","Free","63% (85%)","500,000 .. 1,000,000","02:10 (00:43)","Power of 2","Tripwire Interactive"
307,"Tomb Raider II","Nov 28, 2012","$6.99","66% (86%)","500,000 .. 1,000,000","00:03 (00:01)","Core Design","Square Enix"
315,"Sacred 2 Gold","Dec 21, 2012","$14.99","36% (72%)","500,000 .. 1,000,000","00:00 (00:00)","Ascaron","Deep Silver"
320,"Divinity II: Developer's Cut","Oct 29, 2012","$19.99","53% (81%)","500,000 .. 1,000,000","00:15 (00:12)","Larian Studios","Larian Studios, Focus Home Interactive"
325,"Stronghold 3 Gold","May 25, 2012","$29.99","3% (26%)","500,000 .. 1,000,000","00:53 (00:52)","FireFly Studios","FireFly Studios"
331,"Tomb Raider V: Chronicles","Nov 28, 2012","$6.99","36% (72%)","500,000 .. 1,000,000","00:00 (00:00)","Core Design","Square Enix"
344,"Tomb Raider VI: The Angel of Darkness","Nov 28, 2012","$6.99","14% (54%)","500,000 .. 1,000,000","00:00 (00:00)","Core Design","Square Enix"
353,"Dragon Nest","Dec 18, 2012","Free","39% (74%)","500,000 .. 1,000,000","02:25 (01:36)","Eyedentity Games Inc.","Eyedentity Games Inc."
371,"Planets Under Attack","Sep 27, 2012","$9.99","25% (65%)","500,000 .. 1,000,000","03:22 (03:51)","Targem Games","Topware Interactive"
374,"Tomb Raider I","Nov 28, 2012","$6.99","55% (82%)","500,000 .. 1,000,000","00:06 (00:03)","Core Design","Square Enix"
12,"Thief II: The Metal Age","May 22, 2012","$6.99","87% (93%/87%)","200,000 .. 500,000","00:01 (00:00)","Looking Glass Studios","Square Enix"
16,"Rayman Origins","Mar 29, 2012","$19.99","87% (93%/86%)","200,000 .. 500,000","00:32 (00:27)","UBIart Montpellier, Feral Interactive (Mac)","Ubisoft, Feral Interactive (Mac)"
27,"Galactic Civilizations I: Ultimate Edition","Aug 14, 2012","$9.99","8% (44%/83%)","200,000 .. 500,000","07:32 (02:30)","Stardock Entertainment","Stardock Entertainment"
31,"Botanicula","May 7, 2012","$9.99","95% (96%/82%)","200,000 .. 500,000","00:09 (00:03)","Amanita Design","Amanita Design"
32,"The Book of Unwritten Tales","Jul 31, 2012","$19.99","74% (89%/82%)","200,000 .. 500,000","00:00 (00:00)","KING Art","THQ Nordic"
36,"Wizorb","Mar 14, 2012","$2.99","45% (77%/81%)","200,000 .. 500,000","00:09 (00:03)","Tribute Games Inc.","Tribute Games Inc."
44,"Vessel","Mar 1, 2012","$19.99","68% (87%/81%)","200,000 .. 500,000","00:00 (00:00)","Strange Loop Games","IndiePub"
45,"PixelJunk Eden","Feb 2, 2012","$9.99","68% (87%/81%)","200,000 .. 500,000","00:00 (00:00)","Q-Games Ltd.","Q-Games Ltd."
47,"LEGO Harry Potter: Years 5-7","Jan 5, 2012","$19.99","66% (86%/80%)","200,000 .. 500,000","10:33 (07:01)","Traveller's Tales","Warner Bros. Interactive Entertainment"
49,"Stacking","Mar 6, 2012","$9.99","80% (91%/80%)","200,000 .. 500,000","00:00 (00:00)","Double Fine Productions","Double Fine Productions"
50,"Stealth Bastard Deluxe","Nov 28, 2012","$9.99","71% (88%/80%)","200,000 .. 500,000","00:00 (00:00)","Curve Studios","Curve Digital"
53,"F1 2012","Sep 17, 2012","$19.99","68% (87%/80%)","200,000 .. 500,000","04:19 (07:15)","Codemasters Birmingham","Codemasters"
57,"Intrusion 2","Sep 11, 2012","$9.99","77% (90%/80%)","200,000 .. 500,000","00:01 (00:00)","Aleksey Abramenko","Aleksey Abramenko"
59,"Dustforce DX","Jan 17, 2012","$9.99","87% (93%/79%)","200,000 .. 500,000","00:01 (00:00)","Hitbox Team",""
61,"Offspring Fling!","May 11, 2012","$7.99","71% (88%/79%)","200,000 .. 500,000","00:00 (00:00)","Kyle Pulver","Kyle Pulver"
62,"Waking Mars","Dec 13, 2012","$9.99","74% (89%/79%)","200,000 .. 500,000","00:00 (00:00)","Tiger Style","Tiger Style"
65,"Rocksmith","Oct 16, 2012","$29.99","77% (90%/78%)","200,000 .. 500,000","00:01 (00:00)","Ubisoft - San Francisco","Ubisoft"
68,"Condemned: Criminal Origins","Oct 29, 2012","$14.95","66% (86%/78%)","200,000 .. 500,000","00:09 (00:03)","Monolith","SEGA"
69,"Closure","Sep 7, 2012","$9.99","66% (86%/78%)","200,000 .. 500,000","01:01 (00:20)","Eyebrow Interactive","Eyebrow Interactive"
70,"Chaos on Deponia","Nov 6, 2012","$19.99","80% (91%/78%)","200,000 .. 500,000","02:01 (02:39)","Daedalic Entertainment","Daedalic Entertainment"
71,"Quantum Conundrum","Jun 21, 2012","$8.99","58% (83%/77%)","200,000 .. 500,000","00:00 (00:00)","Airtight Games","Square Enix"
73,"Magic: The Gathering - Duels of the Planeswalkers 2013","Jun 20, 2012","$9.99","68% (87%/77%)","200,000 .. 500,000","00:00 (00:00)","Stainless Games","Wizards of the Coast LLC"
76,"Legacy of Kain: Soul Reaver 2","Dec 6, 2012","$6.99","39% (74%/77%)","200,000 .. 500,000","08:45 (02:55)","Crystal Dynamics","Square Enix"
77,"Sine Mora","Nov 9, 2012","N/A","60% (84%/77%)","200,000 .. 500,000","00:00 (00:00)","Digital Reality","HandyGames"
80,"McPixel","Sep 25, 2012","$4.99","66% (86%/76%)","200,000 .. 500,000","00:46 (00:15)","Sos","Sos Mikolaj Kaminski"
84,"Insanely Twisted Shadow Planet","Apr 17, 2012","$14.99","71% (88%/76%)","200,000 .. 500,000","00:00 (00:00)","Shadow Planet Productions","Microsoft Studios"
87,"Ys Origin","May 31, 2012","$19.99","93% (95%/76%)","200,000 .. 500,000","04:52 (04:48)","Nihon Falcom","XSEED Games"
89,"Symphony","Aug 6, 2012","$8.99","68% (87%/75%)","200,000 .. 500,000","01:37 (00:32)","Empty Clip Studios","Empty Clip Studios"
91,"The Dark Eye: Chains of Satinav","Jun 22, 2012","$19.99","66% (86%/75%)","200,000 .. 500,000","01:52 (02:01)","Daedalic Entertainment","Daedalic Entertainment"
93,"Half Minute Hero: Super Mega Neo Climax Ultimate Boy","Sep 27, 2012","$9.99","77% (90%/75%)","200,000 .. 500,000","00:05 (00:03)","Opus","Marvelous"
96,"Edna & Harvey: Harvey's New Eyes","Oct 16, 2012","$19.99","80% (91%/75%)","200,000 .. 500,000","00:47 (00:31)","Daedalic Entertainment","Daedalic Entertainment"
101,"Snapshot","Aug 30, 2012","$9.99","N/A (N/A/74%)","200,000 .. 500,000","00:00 (00:00)","Retro Affect","Retro Affect"
102,"They Bleed Pixels","Aug 29, 2012","$9.99","68% (87%/74%)","200,000 .. 500,000","00:31 (00:25)","Spooky Squid Games Inc.","Spooky Squid Games Inc."
105,"King's Bounty: Warriors of the North","Oct 25, 2012","$9.99","49% (79%/74%)","200,000 .. 500,000","00:00 (00:00)","1C-SoftClub","1C Entertainment"
106,"Rocketbirds: Hardboiled Chicken","Oct 15, 2012","$4.99","51% (80%/74%)","200,000 .. 500,000","02:58 (03:05)","Ratloop Asia","Reverb Publishing"
110,"The Testament of Sherlock Holmes","Sep 25, 2012","$19.99","58% (83%/73%)","200,000 .. 500,000","00:00 (00:00)","Frogwares","Frogwares"
115,"Beyond Divinity","Oct 29, 2012","$5.99","13% (52%/73%)","200,000 .. 500,000","02:17 (01:31)","Larian Studios","Larian Studios"
119,"Hard Reset Extended Edition","Jul 12, 2012","$14.99","58% (83%/73%)","200,000 .. 500,000","00:31 (00:31)","Flying Wild Hog","Good Shepherd Entertainment"
122,"A New Beginning - Final Cut","Dec 11, 2012","$9.99","39% (74%/72%)","200,000 .. 500,000","00:00 (00:00)","Daedalic Entertainment","Daedalic Entertainment"
128,"Toy Soldiers","Apr 27, 2012","$9.99","77% (90%/71%)","200,000 .. 500,000","00:19 (00:06)","Signal Studios","Microsoft Studios"
129,"Tom Clancy's Ghost Recon: Future Soldier","Jun 26, 2012","$19.99","25% (65%/71%)","200,000 .. 500,000","01:47 (01:46)","Ubisoft Paris, Red Storm Entertainment","Ubisoft"
131,"Legacy of Kain: Defiance","Dec 6, 2012","$6.99","68% (87%/70%)","200,000 .. 500,000","00:35 (00:40)","Crystal Dynamics","Square Enix"
133,"Splice","Jun 13, 2012","$9.99","74% (89%/70%)","200,000 .. 500,000","00:25 (00:08)","Cipher Prime Studios","Cipher Prime Studios"
134,"Home","Aug 31, 2012","$2.99","33% (70%/69%)","200,000 .. 500,000","08:04 (05:22)","Benjamin Rivers Inc.","Benjamin Rivers Inc."
137,"Of Orcs And Men","Oct 11, 2012","$14.99","38% (73%/69%)","200,000 .. 500,000","00:00 (00:00)","Cyanide Studio - Spiders Studios","Focus Home Interactive"
142,"Primal Carnage","Oct 29, 2012","$7.99","45% (77%/67%)","200,000 .. 500,000","02:31 (02:31)","Lukewarm Media","Reverb Triple XP, Circle 5"
144,"Oil Rush","Jan 25, 2012","$7.99","16% (57%/67%)","200,000 .. 500,000","00:00 (00:00)","Unigine Corp.","Unigine Corp."
148,"I Am Alive","Sep 6, 2012","$14.99","25% (65%/66%)","200,000 .. 500,000","00:08 (00:02)","Ubisoft Shanghaï","Ubisoft"
151,"A Virus Named TOM","Aug 1, 2012","$9.99","34% (71%/65%)","200,000 .. 500,000","00:00 (00:00)","Misfits Attic","Misfits Attic"
158,"Blades of Time","Apr 20, 2012","$9.99","66% (86%/63%)","200,000 .. 500,000","00:08 (00:02)","Gaijin Entertainment Corporation","Gaijin Entertainment Corporation"
160,"Jagged Alliance - Back in Action","Feb 8, 2012","$19.99","28% (67%/62%)","200,000 .. 500,000","27:22 (09:07)","Coreplay GmbH, Bigmoon Studios","THQ Nordic"
166,"Carrier Command: Gaea Mission","Sep 28, 2012","$32.99","9% (46%/60%)","200,000 .. 500,000","00:00 (00:00)","Bohemia Interactive","Bohemia Interactive"
169,"Tower Wars","Aug 14, 2012","$7.99","36% (72%/59%)","200,000 .. 500,000","00:00 (00:00)","SuperVillain Studios","SuperVillain Studios"
172,"Game of Thrones","Jun 7, 2012","$14.99","34% (71%/58%)","200,000 .. 500,000","00:00 (00:00)","Cyanide Studios","Focus Home Interactive"
178,"SpellForce 2: Faith in Destiny","Jun 19, 2012","$14.99","19% (60%/55%)","200,000 .. 500,000","00:00 (00:00)","Mind Over Matter Studios","THQ Nordic"
179,"Nexuiz","May 10, 2012","$9.99","21% (61%/54%)","200,000 .. 500,000","00:00 (00:00)","IllFonic","IllFonic, Psyop Games"
180,"Sonic the Hedgehog 4 - Episode II","May 15, 2012","$9.99","51% (80%/54%)","200,000 .. 500,000","00:01 (00:00)","SEGA","SEGA"
181,"A Valley Without Wind","Apr 24, 2012","$14.99","24% (64%/54%)","200,000 .. 500,000","00:00 (00:00)","Arcen Games, LLC","Arcen Games, LLC"
185,"Confrontation","Apr 4, 2012","$9.99","4% (32%/51%)","200,000 .. 500,000","00:00 (00:00)","Cyanide Studio","Focus Home Interactive"
200,"LEGO Batman 2 DC Super Heroes","Jun 22, 2012","$19.99","68% (87%)","200,000 .. 500,000","07:42 (02:34)","TT Games","Warner Bros. Interactive Entertainment"
211,"English Country Tune","Aug 9, 2012","$4.99","90% (94%)","200,000 .. 500,000","00:00 (00:00)","increpare games","increpare games"
218,"Sonic CD","Jan 19, 2012","$4.99","77% (90%)","200,000 .. 500,000","01:09 (01:18)","Blit Software","SEGA"
222,"ROSE Online","Oct 23, 2012","Free","30% (68%)","200,000 .. 500,000","00:00 (00:00)","Gravity Interactive","Gravity Interactive"
231,"3SwitcheD","Mar 29, 2012","$9.99","5% (36%)","200,000 .. 500,000","04:05 (04:44)","Reality Pump","Topware Interactive"
232,"Ticket to Ride","May 24, 2012","$9.99","63% (85%)","200,000 .. 500,000","01:21 (02:01)","Days of Wonder","Days of Wonder, Asmodee Digital"
238,"Sonic the Hedgehog 4 - Episode I","Jan 19, 2012","$9.99","11% (50%)","200,000 .. 500,000","00:38 (00:25)","SEGA","SEGA"
245,"The Basement Collection","Aug 31, 2012","$3.99","66% (86%)","200,000 .. 500,000","01:36 (01:33)","Edmund McMillen, Tyler Glaiel","Edmund McMillen"
248,"Dead Pixels","Dec 7, 2012","$2.99","66% (86%)","200,000 .. 500,000","01:35 (01:03)","CSR-Studios","CSR-Studios"
253,"Adventures of Shuggy","Jun 13, 2012","$4.99","74% (89%)","200,000 .. 500,000","00:00 (00:00)","Smudged Cat Games Ltd","Smudged Cat Games Ltd"
261,"Galaxy on Fire 2 Full HD","Aug 21, 2012","$7.99","34% (71%)","200,000 .. 500,000","00:00 (00:00)","Fishlabs Entertainment GmbH","bitComposer Games"
273,"Legacy of Kain: Soul Reaver","Dec 6, 2012","$6.99","38% (73%)","200,000 .. 500,000","00:57 (00:19)","Crystal Dynamics","Square Enix"
288,"Indie Game: The Movie","Jun 12, 2012","$9.99","95% (96%)","200,000 .. 500,000","03:24 (01:08)","BlinkWorks Media","BlinkWorks Media"
292,"Iron Sky: Invasion","Dec 13, 2012","$19.99","18% (59%)","200,000 .. 500,000","03:52 (04:01)","Reality Pump","Topware Interactive"
310,"The Old Tree","Feb 24, 2012","Free","74% (89%)","200,000 .. 500,000","00:00 (00:00)","Red Dwarf Games","Red Dwarf Games"
314,"TDP4:Team Battle","Sep 10, 2012","N/A","7% (41%)","200,000 .. 500,000","02:59 (00:59)","JAVELIN OÜ","JAVELIN OÜ"
318,"NiGHTS Into Dreams","Dec 17, 2012","$7.99","80% (91%)","200,000 .. 500,000","00:00 (00:00)","SEGA","SEGA"
329,"R.A.W. Realms of Ancient War","Oct 11, 2012","$14.99","11% (49%)","200,000 .. 500,000","00:00 (00:00)","Wizarbox","Focus Home Interactive"
337,"Port Royale 3","May 4, 2012","$14.99","28% (67%)","200,000 .. 500,000","11:36 (07:44)","Gaming Minds Studios","Kalypso Media Digital"
342,"Penny Arcade's On the Rain-Slick Precipice of Darkness 3","Jun 25, 2012","$1.99","71% (88%)","200,000 .. 500,000","00:01 (00:00)","Zeboyd Games","Penny Arcade, Inc."
347,"Blood Bowl: Chaos Edition","Oct 11, 2012","$14.99","47% (78%)","200,000 .. 500,000","03:40 (04:25)","Cyanide Studios","Focus Home Interactive"
350,"iBomber Defense Pacific","Mar 1, 2012","$4.99","63% (85%)","200,000 .. 500,000","00:00 (00:00)","Cobra Mobile","Cobra Mobile"
372,"Zombie Driver HD","Oct 17, 2012","$9.99","58% (83%)","200,000 .. 500,000","00:00 (00:00)","Exor Studios","Exor Studios"
377,"Jagged Alliance 2 - Wildfire","Nov 16, 2012","$6.99","33% (70%)","200,000 .. 500,000","04:29 (06:29)","I-deal Games","Topware Interactive"
378,"Defender's Quest: Valley of the Forgotten (DX edition)","Oct 30, 2012","$14.99","95% (96%)","200,000 .. 500,000","00:00 (00:00)","Level Up Labs, LLC","Level Up Labs"
386,"Spirits","Sep 4, 2012","$3.99","34% (71%)","200,000 .. 500,000","00:00 (00:00)","Spaces of Play","Spaces of Play"
9,"Thirty Flights of Loving","Aug 20, 2012","$4.99","25% (65%/88%)","100,000 .. 200,000","00:00 (00:00)","Blendo Games","Blendo Games"
21,"Unity of Command: Stalingrad Campaign","Oct 17, 2012","$19.99","51% (80%/84%)","100,000 .. 200,000","00:00 (00:00)","2x2 Games","Dvaput, 2x2 Games"
26,"Tales From Space: Mutant Blobs Attack","Aug 15, 2012","$7.99","83% (92%/83%)","100,000 .. 200,000","01:34 (00:31)","DrinkBox Studios","DrinkBox Studios"
48,"The Blackwell Legacy","Jan 13, 2012","$4.99","71% (88%/80%)","100,000 .. 200,000","00:00 (00:00)","Wadjet Eye Games","Wadjet Eye Games"
56,"Fly'N","Nov 9, 2012","$9.99","77% (90%/80%)","100,000 .. 200,000","00:00 (00:00)","Ankama Games","Ankama Games"
64,"Street Fighter X Tekken","May 11, 2012","$29.99","16% (57%/79%)","100,000 .. 200,000","05:58 (03:58)","Capcom U.S.A., Inc.","Capcom U.S.A., Inc."
79,"Avernum: Escape From the Pit","Apr 11, 2012","$9.99","83% (92%/76%)","100,000 .. 200,000","00:00 (00:00)","Spiderweb Software","Spiderweb Software"
88,"Miasmata","Nov 28, 2012","$14.99","43% (76%/76%)","100,000 .. 200,000","00:00 (00:00)","IonFx","IonFX Studios"
90,"Hero Academy","Aug 10, 2012","$4.99","38% (73%/75%)","100,000 .. 200,000","00:00 (00:00)","Robot Entertainment","Robot Entertainment"
94,"The Dream Machine: Chapter 1 & 2","May 11, 2012","$3.99","83% (92%/75%)","100,000 .. 200,000","00:00 (00:00)","Cockroach Inc.","The Sleeping Machine"
97,"Iron Brigade","Aug 13, 2012","$14.99","58% (83%/75%)","100,000 .. 200,000","00:00 (00:00)","Double Fine Productions","Double Fine Productions"
100,"Cubemen","Mar 16, 2012","$3.99","39% (74%/74%)","100,000 .. 200,000","00:00 (00:00)","3 Sprockets","3 Sprockets"
117,"Ys: The Oath in Felghana","Mar 19, 2012","$14.99","90% (94%/73%)","100,000 .. 200,000","00:04 (00:01)","Nihon Falcom","XSEED Games"
118,"The Book of Unwritten Tales: The Critter Chronicles","Dec 5, 2012","$19.99","60% (84%/73%)","100,000 .. 200,000","00:00 (00:00)","KING Art","THQ Nordic"
123,"Ridge Racer Unbounded","Mar 29, 2012","$9.99","15% (56%/72%)","100,000 .. 200,000","04:18 (01:26)","BUGBEAR","BANDAI NAMCO Entertainment"
126,"Primordia","Dec 5, 2012","$9.99","97% (97%/72%)","100,000 .. 200,000","00:00 (00:00)","Wormwood Studios","Wadjet Eye Games"
145,"King Arthur II: The Role-Playing Wargame","Jan 27, 2012","$9.99","13% (52%/66%)","100,000 .. 200,000","00:00 (00:00)","NeocoreGames","Paradox Interactive"
150,"Sword of the Stars II: Enhanced Edition","Nov 30, 2012","$19.99","7% (42%/65%)","100,000 .. 200,000","00:00 (00:00)","Kerberos Productions","Paradox Interactive"
157,"Jagged Alliance: Crossfire","Aug 24, 2012","$14.99","24% (64%/63%)","100,000 .. 200,000","00:00 (00:00)","Coreplay GmbH","THQ Nordic"
159,"Analogue: A Hate Story","Apr 27, 2012","$9.99","90% (94%/62%)","100,000 .. 200,000","00:00 (00:00)","Love Conquers All Games","Love Conquers All Games"
162,"F1 RACE STARS","Nov 13, 2012","$14.99","45% (77%/62%)","100,000 .. 200,000","00:51 (00:51)","Codemasters Birmingham","Codemasters"
163,"Dream Pinball 3D","Sep 19, 2012","$6.99","3% (29%/61%)","100,000 .. 200,000","03:25 (03:24)","ASK Homework","Topware Interactive ACE"
173,"Men of War: Condemned Heroes","Apr 12, 2012","$7.99","27% (66%/57%)","100,000 .. 200,000","00:00 (00:00)","1C-SoftClub","1C Entertainment"
174,"Tiny Troopers","Aug 24, 2012","$4.99","51% (80%/57%)","100,000 .. 200,000","00:04 (00:01)","Kukouri","Iceberg Interactive"
183,"Krater","Jun 12, 2012","$14.99","17% (58%/52%)","100,000 .. 200,000","00:00 (00:00)","Fatshark","Fatshark"
189,"Resident Evil: Operation Raccoon City","May 18, 2012","$29.99","13% (52%/48%)","100,000 .. 200,000","00:11 (00:03)","Slant Six Games","Capcom Co. Ltd"
194,"Painkiller: Recurring Evil","Feb 29, 2012","$9.99","13% (52%/38%)","100,000 .. 200,000","00:02 (00:00)","Med-Art","THQ Nordic"
202,"Titan Attacks!","Feb 3, 2012","$9.99","83% (92%)","100,000 .. 200,000","00:00 (00:00)","Puppygames","Puppygames"
219,"Snuggle Truck","Feb 3, 2012","$4.99","80% (91%)","100,000 .. 200,000","00:00 (00:00)","Owlchemy Labs","Owlchemy Labs"
244,"Puddle","Nov 9, 2012","$7.99","41% (75%)","100,000 .. 200,000","00:00 (00:00)","Neko Entertainment","Neko Entertainment"
247,"Cargo Commander","Nov 1, 2012","$2.99","55% (82%)","100,000 .. 200,000","00:00 (00:00)","Serious Brew","Missing Link Games"
255,"Air Conflicts: Pacific Carriers","Sep 21, 2012","$9.99","9% (46%)","100,000 .. 200,000","01:27 (00:29)","Games Farm, 3Division","Games Farm"
278,"Dogfight 1942","Sep 21, 2012","$9.99","33% (70%)","100,000 .. 200,000","00:04 (00:01)","City Interactive","CI Games"
282,"Fieldrunners","May 24, 2012","$4.99","39% (74%)","100,000 .. 200,000","00:00 (00:00)","Subatomic Studios LLC","Subatomic Studios LLC"
303,"Yesterday","Mar 22, 2012","$9.99","55% (82%)","100,000 .. 200,000","00:00 (00:00)","Pendulo Studios","Focus Home Interactive"
309,"Fortune Summoners","Jan 30, 2012","$19.99","66% (86%)","100,000 .. 200,000","00:01 (00:00)","Lizsoft","Carpe Fulgur LLC"
321,"Dynamite Jack","May 10, 2012","$9.99","77% (90%)","100,000 .. 200,000","00:00 (00:00)","Hassey Enterprises, Inc.","Hassey Enterprises, Inc."
327,"Kung Fu Strike - The Warrior's Rise","Jul 24, 2012","$9.99","49% (79%)","100,000 .. 200,000","00:09 (00:03)","Qooc Software","Digital Tribe"
328,"Towns","Nov 7, 2012","$14.99","3% (25%)","100,000 .. 200,000","00:00 (00:00)","Xavi Canal, Ben Palgi","SMP"
346,"Wanderlust: Rebirth","Jul 27, 2012","$4.99","11% (50%)","100,000 .. 200,000","00:00 (00:00)","Yeti Trunk","Chucklefish"
352,"Hack, Slash, Loot","Apr 5, 2012","$6.99","16% (57%)","100,000 .. 200,000","00:00 (00:00)","David Williamson","David Williamson"
362,"Rune Classic","Jun 13, 2012","$9.99","83% (92%)","100,000 .. 200,000","00:15 (00:09)","Human Head Studios","Human Head Studios"
373,"Blackwell Unbound","Jan 13, 2012","$4.99","87% (93%)","100,000 .. 200,000","00:00 (00:00)","Wadjet Eye Games","Wadjet Eye Games"
376,"Blackwell Convergence","Jan 13, 2012","$4.99","90% (94%)","100,000 .. 200,000","00:00 (00:00)","Wadjet Eye Games","Wadjet Eye Games"
385,"Fairy Bloom Freesia","Oct 17, 2012","$7.99","83% (92%)","100,000 .. 200,000","00:00 (00:00)","Edelweiss","Nyu Media"
20,"GT Legends","Nov 28, 2012","$7.99","71% (88%/84%)","50,000 .. 100,000","00:00 (00:00)","SimBin Studios AB","SimBin"
52,"Noitu Love 2: Devolution","Apr 23, 2012","$4.99","90% (94%/80%)","50,000 .. 100,000","00:00 (00:00)","Joakim Sandberg","Joakim Sandberg"
55,"Myst V: End of Ages","Mar 16, 2012","$9.99","17% (58%/80%)","50,000 .. 100,000","00:00 (00:00)","Cyan Worlds","Cyan Worlds"
81,"Resonance","Jul 25, 2012","$9.99","80% (91%/76%)","50,000 .. 100,000","00:00 (00:00)","XII Games","Wadjet Eye Games"
103,"Stellar Impact","Apr 12, 2012","$9.99","5% (37%/74%)","50,000 .. 100,000","00:00 (00:00)","Tindalos Interactive",""
109,"Unmechanical","Aug 8, 2012","$9.99","83% (92%/74%)","50,000 .. 100,000","00:00 (00:00)","Talawa Games","Teotl Studios"
112,"Crusader Kings Complete","Feb 14, 2012","$9.99","23% (63%/73%)","50,000 .. 100,000","00:17 (00:05)","Paradox Development Studio","Paradox Interactive"
113,"Blackwell Deception","Jan 13, 2012","$9.99","99% (98%/73%)","50,000 .. 100,000","00:00 (00:00)","Wadjet Eye Games","Wadjet Eye Games"
116,"Unstoppable Gorg","Jan 19, 2012","$9.99","47% (78%/73%)","50,000 .. 100,000","00:00 (00:00)","Futuremark","Futuremark"
124,"Gateways","Sep 13, 2012","$4.99","87% (93%/72%)","50,000 .. 100,000","00:00 (00:00)","Smudged Cat Games Ltd","Smudged Cat Games Ltd"
132,"Evochron Mercenary","Jan 16, 2012","$19.99","47% (78%/70%)","50,000 .. 100,000","00:00 (00:00)","StarWraith 3D Games LLC","StarWraith 3D Games LLC"
138,"Gratuitous Tank Battles","May 17, 2012","$9.99","13% (53%/69%)","50,000 .. 100,000","00:00 (00:00)","Positech Games","Positech Games"
152,"Choplifter HD","Jan 11, 2012","$9.99","66% (86%/65%)","50,000 .. 100,000","00:00 (00:00)","inXile Entertainment","inXile Entertainment"
165,"A Game of Dwarves","Oct 23, 2012","$9.99","23% (63%/60%)","50,000 .. 100,000","00:00 (00:00)","Zeal Game Studio","Paradox Interactive"
175,"SOL: Exodus","Jan 25, 2012","$7.99","14% (54%/57%)","50,000 .. 100,000","00:00 (00:00)","Bit Planet Games, LLC","Bit Planet Games, LLC"
176,"Conflict Desert Storm","May 28, 2012","$6.99","51% (80%/56%)","50,000 .. 100,000","00:00 (00:00)","Pivotal Games","Square Enix"
177,"Iron Front: Digital War Edition","May 25, 2012","$14.99","18% (59%/55%)","50,000 .. 100,000","00:00 (00:00)","X1 Software, AWAR","Deep Silver"
184,"Miner Wars 2081","Nov 28, 2012","$9.99","4% (31%/52%)","50,000 .. 100,000","00:00 (00:00)","Keen Software House","Keen Software House"
190,"Starpoint Gemini","Feb 16, 2012","$13.99","3% (30%/46%)","50,000 .. 100,000","00:00 (00:00)","Little Green Men Games","Iceberg Interactive"
196,"Postal III","Feb 17, 2012","$11.99","6% (38%/24%)","50,000 .. 100,000","00:00 (00:00)","Trashmasters","Akella"
198,"Hamlet or the Last Game without MMORPG Features, Shaders ...","Oct 22, 2012","$4.99","24% (64%)","50,000 .. 100,000","04:31 (04:34)","Denis Galanin (mif2000)",""
207,"Arena Wars 2","Oct 12, 2012","$3.99","4% (32%)","50,000 .. 100,000","00:00 (00:00)","ExDream GmbH","Just a Game"
213,"Foreign Legion: Multi Massacre","Jul 9, 2012","$6.99","28% (67%)","50,000 .. 100,000","00:00 (00:00)","Sakari Indie & GriN","Sakari Games"
214,"Triple Town","Dec 6, 2012","$9.99","83% (92%)","50,000 .. 100,000","00:00 (00:00)","Spry Fox LLC","Spry Fox LLC"
216,"BIT.TRIP CORE","Oct 2, 2012","$9.99","18% (59%)","50,000 .. 100,000","00:15 (00:05)","Gaijin Games","Gaijin Games"
217,"Lunar Flight","Apr 10, 2012","$14.99","68% (87%)","50,000 .. 100,000","00:00 (00:00)","Shovsoft","Shovsoft"
221,"Avernum 6","May 11, 2012","$4.99","N/A (N/A)","50,000 .. 100,000","00:00 (00:00)","Spiderweb Software","Spiderweb Software"
226,"Luxor Evolved","Mar 1, 2012","$9.99","97% (97%)","50,000 .. 100,000","12:27 (08:18)","MumboJumbo","MumboJumbo"
234,"SpaceCorn","Aug 30, 2012","$0.99","21% (61%)","50,000 .. 100,000","02:30 (00:50)","Henrique Pegacha, Rafael Lima, Nuno Guerreiro","Gentlemen in Tuxedos"
235,"eXceed 2nd - Vampire REX","Aug 2, 2012","$5.99","80% (91%)","50,000 .. 100,000","00:00 (00:00)","Tennen-sozai","Nyu Media"
240,"Avernum 4","May 11, 2012","$4.99","N/A (N/A)","50,000 .. 100,000","00:00 (00:00)","Spiderweb Software","Spiderweb Software"
249,"Midnight Mysteries 4: Haunted Houdini","Mar 28, 2012","$9.99","N/A (N/A)","50,000 .. 100,000","00:00 (00:00)","MumboJumbo","MumboJumbo"
251,"Avernum 5","May 11, 2012","$4.99","N/A (N/A)","50,000 .. 100,000","00:00 (00:00)","Spiderweb Software","Spiderweb Software"
252,"Containment: The Zombie Puzzler","Mar 2, 2012","$4.99","77% (90%)","50,000 .. 100,000","00:00 (00:00)","Bootsnake Games","Bootsnake Games"
256,"Cherry Tree High Comedy Club","Nov 8, 2012","$6.99","74% (89%)","50,000 .. 100,000","00:00 (00:00)","773","Nyu Media"
257,"Death Rally","Aug 3, 2012","$9.99","31% (69%)","50,000 .. 100,000","00:00 (00:00)","Remedy Entertainment Ltd., Mountain Sheep Inc., Cornfox & Brothers Ltd.","Remedy Entertainment Ltd."
268,"Critter Crunch","Sep 11, 2012","$6.99","93% (95%)","50,000 .. 100,000","00:00 (00:00)","Capybara Games","Capybara Games"
274,"iBomber Attack","Nov 1, 2012","$5.99","53% (81%)","50,000 .. 100,000","00:00 (00:00)","Cobra Mobile","Cobra Mobile"
276,"eXceed 3rd - Jade Penetrate Black Package","Aug 2, 2012","$5.99","83% (92%)","50,000 .. 100,000","00:27 (00:09)","Tennen-sozai","Nyu Media"
277,"Democracy 2","Oct 11, 2012","$19.99","13% (52%)","50,000 .. 100,000","00:00 (00:00)","Positech Games","Positech Games"
302,"Scoregasm","Feb 8, 2012","$4.99","66% (86%)","50,000 .. 100,000","00:00 (00:00)","RC Knight","Charlie's Games"
305,"ETHER VAPOR Remaster","Sep 27, 2012","$7.99","63% (85%)","50,000 .. 100,000","00:00 (00:00)","Edelweiss","Nyu Media"
308,"Pickers","Feb 22, 2012","$9.99","51% (80%)","50,000 .. 100,000","00:02 (00:00)","MumboJumbo","MumboJumbo"
312,"Insane 2","Jan 24, 2012","$14.99","38% (73%)","50,000 .. 100,000","00:02 (00:00)","Targem Games","Game Factory Interactive"
333,"Alien Shooter 2 Conscription","May 18, 2012","$9.99","47% (78%)","50,000 .. 100,000","00:00 (00:00)","Sigma Team Inc.","Sigma Team Inc."
340,"Call of Duty: Black Ops - Mac Edition","Sep 27, 2012","$19.99","19% (60%)","50,000 .. 100,000","00:00 (00:00)","Aspyr","Aspyr"
351,"GTR - FIA GT Racing Game","Sep 25, 2012","$6.99","N/A (N/A)","50,000 .. 100,000","00:00 (00:00)","SimBin Studios AB","SimBin"
357,"Auditorium","Feb 28, 2012","$6.99","49% (79%)","50,000 .. 100,000","00:00 (00:00)","Cipher Prime Studios","Cipher Prime Studios"
359,"GTR 2 FIA GT Racing Game","Dec 12, 2012","$7.99","77% (90%)","50,000 .. 100,000","00:00 (00:00)","SimBin Studios AB","SimBin"
360,"Magical Diary: Horse Hall","May 31, 2012","$14.99","83% (92%)","50,000 .. 100,000","00:00 (00:00)","Hanako Games","Hanako Games"
364,"eXceed - Gun Bullet Children","Aug 2, 2012","$2.99","9% (47%)","50,000 .. 100,000","00:03 (00:01)","Flat Software","Nyu Media"
369,"Party of Sin","Dec 13, 2012","$5.99","N/A (N/A)","50,000 .. 100,000","01:13 (00:24)","Crankshaft Games","Crankshaft Games"
375,"Tsukumogami","May 31, 2012","$29.99","N/A (N/A)","50,000 .. 100,000","00:00 (00:00)","TORaIKI","Fruitbat Factory"
379,"Nethergate: Resurrection","Oct 5, 2012","$4.99","66% (86%)","50,000 .. 100,000","00:00 (00:00)","Spiderweb Software","Spiderweb Software"
380,"Bang Bang Racing","Jun 8, 2012","$9.99","55% (82%)","50,000 .. 100,000","00:00 (00:00)","Digital Reality Software & Playbox","HandyGames"
114,"MacGuffin's Curse","Apr 19, 2012","$9.99","N/A (N/A/73%)","20,000 .. 50,000","00:00 (00:00)","Brawsome","Brawsome"
140,"Shad'O","Sep 4, 2012","$4.99","N/A (N/A/68%)","20,000 .. 50,000","00:00 (00:00)","Okugi Studio","Okugi Sudio"
143,"Secret Files 3","Sep 13, 2012","$9.99","18% (59%/67%)","20,000 .. 50,000","00:00 (00:00)","Animation Arts","Deep Silver"
146,"Memento Mori","Nov 9, 2012","$12.99","19% (60%/66%)","20,000 .. 50,000","00:00 (00:00)","Bohemia Interactive","Bohemia Interactive"
161,"Pineapple Smash Crew","Feb 2, 2012","$9.99","58% (83%/62%)","20,000 .. 50,000","00:00 (00:00)","RichMakeGame","RichMakeGame"
170,"Fireburst","Apr 25, 2012","$9.99","15% (56%/59%)","20,000 .. 50,000","00:00 (00:00)","exDream","Strategy First"
171,"Defenders of Ardania","Mar 14, 2012","$9.99","N/A (N/A/58%)","20,000 .. 50,000","00:00 (00:00)","Most Wanted Entertainment","Paradox Interactive"
182,"Gemini Wars","Nov 2, 2012","$14.99","2% (20%/53%)","20,000 .. 50,000","00:00 (00:00)","Camel101 LLC","Iceberg Interactive"
187,"Cannon Fodder 3","Aug 6, 2012","$14.99","N/A (N/A/49%)","20,000 .. 50,000","00:00 (00:00)","Burut CT","Game Factory Interactive"
188,"Karateka","Dec 3, 2012","$3.99","55% (82%/48%)","20,000 .. 50,000","00:00 (00:00)","Liquid Entertainment","DotEmu"
197,"All Zombies Must Die!: Scorepocalypse","Apr 19, 2012","$4.99","41% (75%)","20,000 .. 50,000","00:00 (00:00)","Doublesix Games","Doublesix Games"
203,"Hegemony Gold: Wars of Ancient Greece","Mar 30, 2012","$14.99","93% (95%)","20,000 .. 50,000","00:09 (00:03)","Longbow Games","Longbow Games"
208,"BIT.TRIP VOID","Dec 19, 2012","$9.99","45% (77%)","20,000 .. 50,000","00:15 (00:05)","Gaijin Games","Gaijin Games"
224,"1000 Amps","Feb 22, 2012","$4.99","47% (78%)","20,000 .. 50,000","00:00 (00:00)","Brandon Brizzi","Brandon Brizzi"
230,"7 Wonders: Ancient Alien Makeover","Oct 24, 2012","$9.99","N/A (N/A)","20,000 .. 50,000","00:00 (00:00)","MumboJumbo","MumboJumbo"
237,"The Bluecoats: North vs South","May 10, 2012","$4.99","8% (44%)","20,000 .. 50,000","00:00 (00:00)","Little World Studio","Microids"
260,"Magical Drop V","Nov 15, 2012","$0.99","12% (51%)","20,000 .. 50,000","00:00 (00:00)","Golgoth Studio","UTV Ignition Entertainment"
264,"Sugar Cube: Bittersweet Factory","Nov 7, 2012","$6.99","47% (78%)","20,000 .. 50,000","00:00 (00:00)","Turtle Cream","Turtle Cream"
270,"Revelations 2012","Apr 23, 2012","Free","17% (58%)","20,000 .. 50,000","00:00 (00:00)","Dark Artz Entertainment","Dark Artz Entertainment"
271,"Sea Dogs: To Each His Own - Pirate Open World RPG","Dec 2012","$14.99","41% (75%)","20,000 .. 50,000","22:17 (07:25)","BlackMark Studio","Akella"
279,"Garshasp: Temple of the Dragon","Sep 24, 2012","$4.99","3% (25%)","20,000 .. 50,000","00:00 (00:00)","Dead Mage","Digital Dragon"
283,"Dead Hungry Diner","May 16, 2012","$3.99","51% (80%)","20,000 .. 50,000","00:00 (00:00)","Black Market Games","Black Market Games"
284,"Notch - The Innocent LunA: Eclipsed SinnerS","Feb 18, 2012","$9.99","71% (88%)","20,000 .. 50,000","00:03 (00:01)","Angels Blue Digital Entertainment, DigitalEZ","DigitalEZ"
286,"Midnight Mysteries 3: Devil on the Mississippi","Mar 28, 2012","$9.99","N/A (N/A)","20,000 .. 50,000","00:00 (00:00)","MumboJumbo","MumboJumbo"
289,"Dungeonbowl - Knockout Edition","Jul 2, 2012","$12.99","N/A (N/A)","20,000 .. 50,000","00:00 (00:00)","Cyanide Studio","Bigben Interactive"
291,"The Juicer","Sep 6, 2012","$0.99","83% (92%)","20,000 .. 50,000","02:05 (00:41)","Anvate Games","Anvate Games"
295,"Inversion","Jul 26, 2012","$9.99","15% (55%)","20,000 .. 50,000","00:00 (00:00)","Saber Interactive","BANDAI NAMCO Entertainment"
299,"Sherlock Holmes and The Hound of The Baskervilles","Apr 23, 2012","$9.99","58% (83%)","20,000 .. 50,000","00:00 (00:00)","Waterlily Games","Frogwares"
311,"BANZAI PECAN: The Last Hope For the Young Century","Aug 6, 2012","$2.99","55% (82%)","20,000 .. 50,000","00:00 (00:00)","SERIOUS*IMPACT WORKS","Zanza Studios, LLC."
317,"Storm in a Teacup","Jan 19, 2012","$4.99","N/A (N/A)","20,000 .. 50,000","00:00 (00:00)","Cobra Mobile","Cobra Mobile"
322,"3DMark 11","Oct 2, 2012","$19.99","N/A (N/A)","20,000 .. 50,000","00:00 (00:00)","UL","UL"
324,"Warp","Mar 21, 2012","$9.99","36% (72%)","20,000 .. 50,000","00:00 (00:00)","Trapdoor Inc.","Electronic Arts"
330,"Crazy Machines Elements","Feb 10, 2012","$9.99","N/A (N/A)","20,000 .. 50,000","00:00 (00:00)","Fakt Software","Viva Media"
335,"Jane's Advanced Strike Fighters","Mar 8, 2012","$9.99","4% (31%)","20,000 .. 50,000","00:00 (00:00)","Trickstar Games","Deep Silver"
336,"Roller Coaster Rampage","Jun 19, 2012","$9.99","16% (57%)","20,000 .. 50,000","00:00 (00:00)","Pantera Entertainment","Pantera Entertainment"
341,"Cladun X2 / クラシックダンジョンX2","Aug 14, 2012","$9.99","47% (78%)","20,000 .. 50,000","00:00 (00:00)","System Prisma","NIS America, Inc."
345,"Mutant Storm: Reloaded","Mar 21, 2012","$4.99","N/A (N/A)","20,000 .. 50,000","00:00 (00:00)","PomPom Games","PomPom Games"
349,"Midnight Mysteries: Salem Witch Trials","Mar 28, 2012","$9.99","N/A (N/A)","20,000 .. 50,000","00:00 (00:00)","MumboJumbo","MumboJumbo"
354,"AVSEQ","Aug 23, 2012","$1.99","N/A (N/A)","20,000 .. 50,000","00:00 (00:00)","Big Robot Ltd","Big Robot Ltd"
361,"Fowl Space","Mar 21, 2012","$4.99","18% (59%)","20,000 .. 50,000","00:00 (00:00)","Pixelante Game Studios","Pixelante Game Studios"
370,"Train of Afterlife","Jan 13, 2012","$9.99","16% (57%)","20,000 .. 50,000","00:00 (00:00)","Zeiva Inc","Zeiva Inc"
382,"Conquest of Elysium 3","Oct 24, 2012","$9.99","51% (80%)","20,000 .. 50,000","00:00 (00:00)","Illwinter Game Design","Illwinter Game Design"
384,"New Star Soccer 5","Sep 27, 2012","$14.99","23% (63%)","20,000 .. 50,000","00:00 (00:00)","New Star Games","New Star Games"
14,"Total War: Shogun 2 - Fall of the Samurai","Mar 22, 2012","$29.99","97% (97%/86%)","0 .. 20,000","00:00 (00:00)","CREATIVE ASSEMBLY, Feral Interactive (Mac), Feral Interactive (Linux)","SEGA, Feral Interactive (Mac), Feral Interactive (Linux)"
86,"Din's Curse","Aug 22, 2012","$9.99","63% (85%/76%)","0 .. 20,000","00:00 (00:00)","Soldak Entertainment","Soldak Entertainment"
111,"MDK2 HD","Jul 30, 2012","$14.99","13% (53%/73%)","0 .. 20,000","00:00 (00:00)","Overhaul Games","Interplay Inc."
135,"Check vs Mate","Aug 16, 2012","$19.99","18% (59%/69%)","0 .. 20,000","00:00 (00:00)","Targem Games","Topware Interactive"
164,"Rigonauts","Aug 7, 2012","$9.99","N/A (N/A/60%)","0 .. 20,000","00:00 (00:00)","Engient, Inc","Engient"
186,"Tryst","Sep 14, 2012","$14.99","N/A (N/A/50%)","0 .. 20,000","00:00 (00:00)","BlueGiant Interactive","BlueGiant Interactive"
192,"Clan of Champions","Oct 30, 2012","$1.99","N/A (N/A/42%)","0 .. 20,000","03:46 (01:15)","ACQUIRE Corp.","NIS America, Inc."
193,"Deep Black: Reloaded","Apr 18, 2012","$29.99","3% (25%/39%)","0 .. 20,000","00:00 (00:00)","Biart","Strategy First"
195,"Fray: Reloaded Edition","Jun 19, 2012","N/A","N/A (N/A/27%)","0 .. 20,000","00:00 (00:00)","Brain Candy","Brain Candy"
199,"Tropical Fish Shop 2","Feb 10, 2012","$3.99","N/A (N/A)","0 .. 20,000","00:00 (00:00)","Rainbow Games","Rainbow Games"
201,"INIT.","Jun 6, 2012","$1.99","N/A (N/A)","0 .. 20,000","00:00 (00:00)","Narrow Monolith","Narrow Monolith"
204,"Aerofly FS 1 Flight Simulator","Oct 17, 2012","$19.99","21% (61%)","0 .. 20,000","00:00 (00:00)","IPACS","IPACS"
205,"Streets of Rage 3","May 2, 2012","$0.99","N/A (N/A)","0 .. 20,000","00:00 (00:00)","","SEGA"
206,"Phantasy Star II","May 2, 2012","$0.99","N/A (N/A)","0 .. 20,000","00:00 (00:00)","","SEGA"
210,"Tobari and the Night of the Curious Moon","Aug 11, 2012","$9.99","53% (81%)","0 .. 20,000","00:00 (00:00)","desunoya","Sekai Project"
212,"Abandoned: Chestnut Lodge Asylum","Apr 1, 2012","$6.99","N/A (N/A)","0 .. 20,000","00:00 (00:00)","Lazy Turtle Games","Tri Synergy, Inc."
223,"Decisive Campaigns: Case Blue","Jul 16, 2012","$39.99","N/A (N/A)","0 .. 20,000","00:00 (00:00)","VR Designs","Slitherine Ltd."
225,"Elansar","Aug 1, 2012","$1.99","N/A (N/A)","0 .. 20,000","00:00 (00:00)","OrionSoft","OrionSoft"
229,"VectorMan 2","May 2, 2012","$0.99","N/A (N/A)","0 .. 20,000","00:00 (00:00)","","SEGA"
233,"Bumbledore","Mar 15, 2012","$4.99","N/A (N/A)","0 .. 20,000","00:00 (00:00)","Nimbly Games","Nimbly Games"
236,"Call of the Ninja!","Apr 23, 2012","$6.99","N/A (N/A)","0 .. 20,000","00:00 (00:00)","Lee Page","TeraBit Software"
243,"Legends of Atlantis: Exodus","Apr 9, 2012","$6.99","N/A (N/A)","0 .. 20,000","00:00 (00:00)","Alder Games","Legacy Games"
250,"Great Big War Game","Aug 28, 2012","$6.99","N/A (N/A)","0 .. 20,000","00:00 (00:00)","Rubicon Development","Rubicon Development"
254,"Phineas and Ferb: New Inventions","Feb 10, 2012","$19.99","N/A (N/A)","0 .. 20,000","00:00 (00:00)","PIPE Studio","Disney Interactive"
258,"Scary Girl","Apr 9, 2012","$6.99","N/A (N/A)","0 .. 20,000","00:00 (00:00)","TikGames","Square Enix"
259,"Playing History - The Plague","Nov 14, 2012","$3.99","N/A (N/A)","0 .. 20,000","00:00 (00:00)","Serious Games Interactive","Serious Games Interactive"
263,"The Revenge of Shinobi","May 2, 2012","$0.99","N/A (N/A)","0 .. 20,000","00:00 (00:00)","","SEGA"
265,"Miner Warfare","Apr 6, 2012","$2.99","55% (82%)","0 .. 20,000","00:00 (00:00)","Heartbit Interactive","Heartbit Interactive"
269,"Miner Wars Arena","Aug 28, 2012","$4.99","N/A (N/A)","0 .. 20,000","00:00 (00:00)","Keen Software House","Keen Software House"
272,"Sleeping Dogs: Ghost Pig","Nov 2, 2012","Free","N/A (N/A)","0 .. 20,000","00:00 (00:00)","United Front Games","Square Enix"
281,"Colour Bind","Sep 24, 2012","$9.99","N/A (N/A)","0 .. 20,000","00:00 (00:00)","Finn Morgan","Puppy Punch Productions"
287,"East Tower - Akio","Jul 25, 2012","$4.99","47% (78%)","0 .. 20,000","00:00 (00:00)","roseVeRte","roseVeRte"
290,"Disney Mickey's Typing Adventure","Dec 10, 2012","$19.99","N/A (N/A)","0 .. 20,000","00:00 (00:00)","Individual Software Inc.","Disney Interactive"
294,"Choice of Kung Fu","Dec 19, 2012","$4.99","N/A (N/A)","0 .. 20,000","00:00 (00:00)","Choice of Games","Choice of Games"
297,"East Tower - Takashi","Nov 27, 2012","$5.99","N/A (N/A)","0 .. 20,000","00:00 (00:00)","roseVeRte","roseVeRte"
298,"Damage Inc. Pacific Squadron WWII","Aug 28, 2012","$39.99","N/A (N/A)","0 .. 20,000","00:00 (00:00)","Trickstar Games","Mad Catz"
300,"Golden Axe III","May 2, 2012","$0.99","N/A (N/A)","0 .. 20,000","00:00 (00:00)","","SEGA"
301,"Test Drive: Ferrari Racing Legends","Dec 10, 2012","$19.99","15% (55%)","0 .. 20,000","00:00 (00:00)","Slightly Mad Studios","Evolved Games"
304,"Close Combat - Panthers in the Fog","Nov 19, 2012","$39.99","21% (61%)","0 .. 20,000","00:00 (00:00)","Matrix Games","Slitherine Ltd."
306,"Dynamite Headdy","May 2, 2012","$0.99","N/A (N/A)","0 .. 20,000","00:00 (00:00)","","SEGA"
313,"Ballads of Reemus: When the Bed Bites","Jan 27, 2012","$4.99","N/A (N/A)","0 .. 20,000","00:00 (00:00)","ClickShake Games LLC","ClickShake Games LLC"
316,"Hidden Mysteries: Titanic","Jan 1, 2012","$4.99","N/A (N/A)","0 .. 20,000","00:00 (00:00)","Gunnar Games","GameMill Entertainment"
323,"Luxor: Amun Rising HD","Sep 3, 2012","$9.99","N/A (N/A)","0 .. 20,000","00:01 (00:00)","MumboJumbo","MumboJumbo"
326,"Phantasy Star IV: The End of the Millennium","May 2, 2012","$0.99","N/A (N/A)","0 .. 20,000","00:00 (00:00)","","SEGA"
332,"Space Ark","Mar 16, 2012","$4.99","N/A (N/A)","0 .. 20,000","00:00 (00:00)","Strawdog Studios Ltd","Bounce Entertainment"
334,"ToeJam & Earl in Panic on Funkotron","Mar 14, 2012","$0.99","N/A (N/A)","0 .. 20,000","00:00 (00:00)","SEGA","SEGA"
339,"Wonder Boy in Monster World","May 2, 2012","$0.99","N/A (N/A)","0 .. 20,000","00:00 (00:00)","","SEGA"
343,"Venusian Vengeance","Oct 25, 2012","$3.99","N/A (N/A)","0 .. 20,000","01:18 (00:26)","Renegade Sector Games","Renegade Sector Games"
348,"Atooms to Moolecules Demo","Apr 6, 2012","Free","N/A (N/A)","0 .. 20,000","00:00 (00:00)","BitSits Games","BitSits Games"
356,"SEAL Team 12","Apr 26, 2012","$1.99","N/A (N/A)","0 .. 20,000","00:00 (00:00)","Social Loner Studios","Social Loner Studios"
358,"Beyond Oasis","May 2, 2012","$0.99","N/A (N/A)","0 .. 20,000","00:00 (00:00)","","SEGA"
363,"Nancy Drew: Tomb of the Lost Queen","May 16, 2012","$19.99","N/A (N/A)","0 .. 20,000","00:00 (00:00)","HeR Interactive","HeR Interactive"
365,"Hubert's Island Adventure: Mouse o' War","Jan 27, 2012","$4.99","N/A (N/A)","0 .. 20,000","00:00 (00:00)","Cheese and Bacon Games","Cheese and Bacon Games"
367,"Phantasy Star III: Generations of Doom","May 2, 2012","$0.99","N/A (N/A)","0 .. 20,000","00:00 (00:00)","","SEGA"
381,"Rotastic","Oct 11, 2012","$9.99","N/A (N/A)","0 .. 20,000","00:00 (00:00)","Dancing Dots","Focus Home Interactive"
383,"Nancy Drew: The Deadly Device","Oct 23, 2012","$19.99","N/A (N/A)","0 .. 20,000","00:00 (00:00)","HeR Interactive, Inc.","HeR Interactive"
